{
  "mode": "deterministic",
  "n_nodes": 150,
  "elapsed_seconds": 0.01924391400825698,
  "fragility_index": {
    "mean": 2.0733333333333333,
    "std": 1.6496329558083183,
    "min": 1.0,
    "max": 14.0,
    "median": 2.0,
    "p90": 4.0
  },
  "full_cascade": {
    "n_total": 150,
    "n_degraded": 0,
    "n_failed": 150,
    "n_affected": 150,
    "frac_degraded": 0.0,
    "frac_failed": 1.0,
    "frac_affected": 1.0
  }
}